Szabó Roland 0;dosal97451@kytstore.com
Szabó Roland 1;dosal97451@kytstore.com
Szabó Roland 2;dosal97451@kytstore.com
Szabó Roland 3;dosal97451@kytstore.com
Szabó Roland 4;dosal97451@kytstore.com
Szabó Roland 5;dosal97451@kytstore.com
Szabó Roland 6;dosal97451@kytstore.com
Szabó Roland 7;dosal97451@kytstore.com
Szabó Roland 8;dosal97451@kytstore.com
Szabó Roland 9;dosal97451@kytstore.com
Szabó Roland 10;dosal97451@kytstore.com
Szabó Roland 11;dosal97451@kytstore.com
Szabó Roland 12;dosal97451@kytstore.com
Szabó Roland 13;dosal97451@kytstore.com
Szabó Roland 14;dosal97451@kytstore.com
Szabó Roland 15;dosal97451@kytstore.com
Szabó Roland 16;dosal97451@kytstore.com
Szabó Roland 17;dosal97451@kytstore.com
Szabó Roland 18;dosal97451@kytstore.com
Szabó Roland 19;dosal97451@kytstore.com
Szabó Roland 20;dosal97451@kytstore.com
Szabó Roland 21;dosal97451@kytstore.com
Szabó Roland 22;dosal97451@kytstore.com
Szabó Roland 23;dosal97451@kytstore.com
Szabó Roland 24;dosal97451@kytstore.com
Szabó Roland 25;dosal97451@kytstore.com
Szabó Roland 26;dosal97451@kytstore.com
Szabó Roland 27;dosal97451@kytstore.com
Szabó Roland 28;dosal97451@kytstore.com
Szabó Roland 29;dosal97451@kytstore.com
Szabó Roland 30;dosal97451@kytstore.com
Szabó Roland 31;dosal97451@kytstore.com
Szabó Roland 32;dosal97451@kytstore.com
Szabó Roland 33;dosal97451@kytstore.com
Szabó Roland 34;dosal97451@kytstore.com
Szabó Roland 35;dosal97451@kytstore.com
Szabó Roland 36;dosal97451@kytstore.com
Szabó Roland 37;dosal97451@kytstore.com
Szabó Roland 38;dosal97451@kytstore.com
Szabó Roland 39;dosal97451@kytstore.com
Szabó Roland 40;dosal97451@kytstore.com
Szabó Roland 41;dosal97451@kytstore.com
Szabó Roland 42;dosal97451@kytstore.com
Szabó Roland 43;dosal97451@kytstore.com
Szabó Roland 44;dosal97451@kytstore.com
Szabó Roland 45;dosal97451@kytstore.com
Szabó Roland 46;dosal97451@kytstore.com
Szabó Roland 47;dosal97451@kytstore.com
Szabó Roland 48;dosal97451@kytstore.com
Szabó Roland 49;dosal97451@kytstore.com
Szabó Roland 50;dosal97451@kytstore.com
Szabó Roland 51;dosal97451@kytstore.com
Szabó Roland 52;dosal97451@kytstore.com
Szabó Roland 53;dosal97451@kytstore.com
Szabó Roland 54;dosal97451@kytstore.com
Szabó Roland 55;dosal97451@kytstore.com
Szabó Roland 56;dosal97451@kytstore.com
Szabó Roland 57;dosal97451@kytstore.com
Szabó Roland 58;dosal97451@kytstore.com
Szabó Roland 59;dosal97451@kytstore.com
Szabó Roland 60;dosal97451@kytstore.com
Szabó Roland 61;dosal97451@kytstore.com
Szabó Roland 62;dosal97451@kytstore.com
Szabó Roland 63;dosal97451@kytstore.com
Szabó Roland 64;dosal97451@kytstore.com
Szabó Roland 65;dosal97451@kytstore.com
Szabó Roland 66;dosal97451@kytstore.com
Szabó Roland 67;dosal97451@kytstore.com
Szabó Roland 68;dosal97451@kytstore.com
Szabó Roland 69;dosal97451@kytstore.com
Szabó Roland 70;dosal97451@kytstore.com
Szabó Roland 71;dosal97451@kytstore.com
Szabó Roland 72;dosal97451@kytstore.com
Szabó Roland 73;dosal97451@kytstore.com
Szabó Roland 74;dosal97451@kytstore.com
Szabó Roland 75;dosal97451@kytstore.com
Szabó Roland 76;dosal97451@kytstore.com
Szabó Roland 77;dosal97451@kytstore.com
Szabó Roland 78;dosal97451@kytstore.com
Szabó Roland 79;dosal97451@kytstore.com
Szabó Roland 80;dosal97451@kytstore.com
Szabó Roland 81;dosal97451@kytstore.com
Szabó Roland 82;dosal97451@kytstore.com
Szabó Roland 83;dosal97451@kytstore.com
Szabó Roland 84;dosal97451@kytstore.com
Szabó Roland 85;dosal97451@kytstore.com
Szabó Roland 86;dosal97451@kytstore.com
Szabó Roland 87;dosal97451@kytstore.com
Szabó Roland 88;dosal97451@kytstore.com
Szabó Roland 89;dosal97451@kytstore.com
Szabó Roland 90;dosal97451@kytstore.com
Szabó Roland 91;dosal97451@kytstore.com
Szabó Roland 92;dosal97451@kytstore.com
Szabó Roland 93;dosal97451@kytstore.com
Szabó Roland 94;dosal97451@kytstore.com
Szabó Roland 95;dosal97451@kytstore.com
Szabó Roland 96;dosal97451@kytstore.com
Szabó Roland 97;dosal97451@kytstore.com
Szabó Roland 98;dosal97451@kytstore.com
Szabó Roland 99;dosal97451@kytstore.com
Szabó Roland 100;dosal97451@kytstore.com
Szabó Roland 101;dosal97451@kytstore.com
Szabó Roland 102;dosal97451@kytstore.com
Szabó Roland 103;dosal97451@kytstore.com
Szabó Roland 104;dosal97451@kytstore.com
Szabó Roland 105;dosal97451@kytstore.com
Szabó Roland 106;dosal97451@kytstore.com
Szabó Roland 107;dosal97451@kytstore.com
Szabó Roland 108;dosal97451@kytstore.com
Szabó Roland 109;dosal97451@kytstore.com
Szabó Roland 110;dosal97451@kytstore.com
Szabó Roland 111;dosal97451@kytstore.com
Szabó Roland 112;dosal97451@kytstore.com
Szabó Roland 113;dosal97451@kytstore.com
Szabó Roland 114;dosal97451@kytstore.com
Szabó Roland 115;dosal97451@kytstore.com
Szabó Roland 116;dosal97451@kytstore.com
Szabó Roland 117;dosal97451@kytstore.com
Szabó Roland 118;dosal97451@kytstore.com
Szabó Roland 119;dosal97451@kytstore.com
Szabó Roland 120;dosal97451@kytstore.com
Szabó Roland 121;dosal97451@kytstore.com
Szabó Roland 122;dosal97451@kytstore.com
Szabó Roland 123;dosal97451@kytstore.com
Szabó Roland 124;dosal97451@kytstore.com
Szabó Roland 125;dosal97451@kytstore.com
Szabó Roland 126;dosal97451@kytstore.com
Szabó Roland 127;dosal97451@kytstore.com
Szabó Roland 128;dosal97451@kytstore.com
Szabó Roland 129;dosal97451@kytstore.com
Szabó Roland 130;dosal97451@kytstore.com
Szabó Roland 131;dosal97451@kytstore.com
Szabó Roland 132;dosal97451@kytstore.com
Szabó Roland 133;dosal97451@kytstore.com
Szabó Roland 134;dosal97451@kytstore.com
Szabó Roland 135;dosal97451@kytstore.com
Szabó Roland 136;dosal97451@kytstore.com
Szabó Roland 137;dosal97451@kytstore.com
Szabó Roland 138;dosal97451@kytstore.com
Szabó Roland 139;dosal97451@kytstore.com
Szabó Roland 140;dosal97451@kytstore.com
Szabó Roland 141;dosal97451@kytstore.com
Szabó Roland 142;dosal97451@kytstore.com
Szabó Roland 143;dosal97451@kytstore.com
Szabó Roland 144;dosal97451@kytstore.com
Szabó Roland 145;dosal97451@kytstore.com
Szabó Roland 146;dosal97451@kytstore.com
Szabó Roland 147;dosal97451@kytstore.com
Szabó Roland 148;dosal97451@kytstore.com
Szabó Roland 149;dosal97451@kytstore.com
Szabó Roland 150;dosal97451@kytstore.com
Szabó Roland 151;dosal97451@kytstore.com
Szabó Roland 152;dosal97451@kytstore.com
Szabó Roland 153;dosal97451@kytstore.com
Szabó Roland 154;dosal97451@kytstore.com
Szabó Roland 155;dosal97451@kytstore.com
Szabó Roland 156;dosal97451@kytstore.com
Szabó Roland 157;dosal97451@kytstore.com
Szabó Roland 158;dosal97451@kytstore.com
Szabó Roland 159;dosal97451@kytstore.com
Szabó Roland 160;dosal97451@kytstore.com
Szabó Roland 161;dosal97451@kytstore.com
Szabó Roland 162;dosal97451@kytstore.com
Szabó Roland 163;dosal97451@kytstore.com
Szabó Roland 164;dosal97451@kytstore.com
Szabó Roland 165;dosal97451@kytstore.com
Szabó Roland 166;dosal97451@kytstore.com
Szabó Roland 167;dosal97451@kytstore.com
Szabó Roland 168;dosal97451@kytstore.com
Szabó Roland 169;dosal97451@kytstore.com
Szabó Roland 170;dosal97451@kytstore.com
Szabó Roland 171;dosal97451@kytstore.com
Szabó Roland 172;dosal97451@kytstore.com
Szabó Roland 173;dosal97451@kytstore.com
Szabó Roland 174;dosal97451@kytstore.com
Szabó Roland 175;dosal97451@kytstore.com
Szabó Roland 176;dosal97451@kytstore.com
Szabó Roland 177;dosal97451@kytstore.com
Szabó Roland 178;dosal97451@kytstore.com
Szabó Roland 179;dosal97451@kytstore.com
Szabó Roland 180;dosal97451@kytstore.com
Szabó Roland 181;dosal97451@kytstore.com
Szabó Roland 182;dosal97451@kytstore.com
Szabó Roland 183;dosal97451@kytstore.com
Szabó Roland 184;dosal97451@kytstore.com
Szabó Roland 185;dosal97451@kytstore.com
Szabó Roland 186;dosal97451@kytstore.com
Szabó Roland 187;dosal97451@kytstore.com
Szabó Roland 188;dosal97451@kytstore.com
Szabó Roland 189;dosal97451@kytstore.com
Szabó Roland 190;dosal97451@kytstore.com
Szabó Roland 191;dosal97451@kytstore.com
Szabó Roland 192;dosal97451@kytstore.com
Szabó Roland 193;dosal97451@kytstore.com
Szabó Roland 194;dosal97451@kytstore.com
Szabó Roland 195;dosal97451@kytstore.com
Szabó Roland 196;dosal97451@kytstore.com
Szabó Roland 197;dosal97451@kytstore.com
Szabó Roland 198;dosal97451@kytstore.com
Szabó Roland 199;dosal97451@kytstore.com
Szabó Roland 200;dosal97451@kytstore.com
Szabó Roland 201;dosal97451@kytstore.com
Szabó Roland 202;dosal97451@kytstore.com
Szabó Roland 203;dosal97451@kytstore.com
Szabó Roland 204;dosal97451@kytstore.com
Szabó Roland 205;dosal97451@kytstore.com
Szabó Roland 206;dosal97451@kytstore.com
Szabó Roland 207;dosal97451@kytstore.com
Szabó Roland 208;dosal97451@kytstore.com
Szabó Roland 209;dosal97451@kytstore.com
Szabó Roland 210;dosal97451@kytstore.com
Szabó Roland 211;dosal97451@kytstore.com
Szabó Roland 212;dosal97451@kytstore.com
Szabó Roland 213;dosal97451@kytstore.com
Szabó Roland 214;dosal97451@kytstore.com
Szabó Roland 215;dosal97451@kytstore.com
Szabó Roland 216;dosal97451@kytstore.com
Szabó Roland 217;dosal97451@kytstore.com
Szabó Roland 218;dosal97451@kytstore.com
Szabó Roland 219;dosal97451@kytstore.com
Szabó Roland 220;dosal97451@kytstore.com
Szabó Roland 221;dosal97451@kytstore.com
Szabó Roland 222;dosal97451@kytstore.com
Szabó Roland 223;dosal97451@kytstore.com
Szabó Roland 224;dosal97451@kytstore.com
Szabó Roland 225;dosal97451@kytstore.com
Szabó Roland 226;dosal97451@kytstore.com
Szabó Roland 227;dosal97451@kytstore.com
Szabó Roland 228;dosal97451@kytstore.com
Szabó Roland 229;dosal97451@kytstore.com
Szabó Roland 230;dosal97451@kytstore.com
Szabó Roland 231;dosal97451@kytstore.com
Szabó Roland 232;dosal97451@kytstore.com
Szabó Roland 233;dosal97451@kytstore.com
Szabó Roland 234;dosal97451@kytstore.com
Szabó Roland 235;dosal97451@kytstore.com
Szabó Roland 236;dosal97451@kytstore.com
Szabó Roland 237;dosal97451@kytstore.com
Szabó Roland 238;dosal97451@kytstore.com
Szabó Roland 239;dosal97451@kytstore.com
Szabó Roland 240;dosal97451@kytstore.com
Szabó Roland 241;dosal97451@kytstore.com
Szabó Roland 242;dosal97451@kytstore.com
Szabó Roland 243;dosal97451@kytstore.com
Szabó Roland 244;dosal97451@kytstore.com
Szabó Roland 245;dosal97451@kytstore.com
Szabó Roland 246;dosal97451@kytstore.com
Szabó Roland 247;dosal97451@kytstore.com
Szabó Roland 248;dosal97451@kytstore.com
Szabó Roland 249;dosal97451@kytstore.com
Szabó Roland 250;dosal97451@kytstore.com
Szabó Roland 251;dosal97451@kytstore.com
Szabó Roland 252;dosal97451@kytstore.com
Szabó Roland 253;dosal97451@kytstore.com
Szabó Roland 254;dosal97451@kytstore.com
Szabó Roland 255;dosal97451@kytstore.com
Szabó Roland 256;dosal97451@kytstore.com
Szabó Roland 257;dosal97451@kytstore.com
Szabó Roland 258;dosal97451@kytstore.com
Szabó Roland 259;dosal97451@kytstore.com
Szabó Roland 260;dosal97451@kytstore.com
Szabó Roland 261;dosal97451@kytstore.com
Szabó Roland 262;dosal97451@kytstore.com
Szabó Roland 263;dosal97451@kytstore.com
Szabó Roland 264;dosal97451@kytstore.com
Szabó Roland 265;dosal97451@kytstore.com
Szabó Roland 266;dosal97451@kytstore.com
Szabó Roland 267;dosal97451@kytstore.com
Szabó Roland 268;dosal97451@kytstore.com
Szabó Roland 269;dosal97451@kytstore.com
Szabó Roland 270;dosal97451@kytstore.com
Szabó Roland 271;dosal97451@kytstore.com
Szabó Roland 272;dosal97451@kytstore.com
Szabó Roland 273;dosal97451@kytstore.com
Szabó Roland 274;dosal97451@kytstore.com
Szabó Roland 275;dosal97451@kytstore.com
Szabó Roland 276;dosal97451@kytstore.com
Szabó Roland 277;dosal97451@kytstore.com
Szabó Roland 278;dosal97451@kytstore.com
Szabó Roland 279;dosal97451@kytstore.com
Szabó Roland 280;dosal97451@kytstore.com
Szabó Roland 281;dosal97451@kytstore.com
Szabó Roland 282;dosal97451@kytstore.com
Szabó Roland 283;dosal97451@kytstore.com
Szabó Roland 284;dosal97451@kytstore.com
Szabó Roland 285;dosal97451@kytstore.com
Szabó Roland 286;dosal97451@kytstore.com
Szabó Roland 287;dosal97451@kytstore.com
Szabó Roland 288;dosal97451@kytstore.com
Szabó Roland 289;dosal97451@kytstore.com
Szabó Roland 290;dosal97451@kytstore.com
Szabó Roland 291;dosal97451@kytstore.com
Szabó Roland 292;dosal97451@kytstore.com
Szabó Roland 293;dosal97451@kytstore.com
Szabó Roland 294;dosal97451@kytstore.com
Szabó Roland 295;dosal97451@kytstore.com
Szabó Roland 296;dosal97451@kytstore.com
Szabó Roland 297;dosal97451@kytstore.com
Szabó Roland 298;dosal97451@kytstore.com
Szabó Roland 299;dosal97451@kytstore.com
Szabó Roland 300;dosal97451@kytstore.com
Szabó Roland 301;dosal97451@kytstore.com
Szabó Roland 302;dosal97451@kytstore.com
Szabó Roland 303;dosal97451@kytstore.com
Szabó Roland 304;dosal97451@kytstore.com
Szabó Roland 305;dosal97451@kytstore.com
Szabó Roland 306;dosal97451@kytstore.com
Szabó Roland 307;dosal97451@kytstore.com
Szabó Roland 308;dosal97451@kytstore.com
Szabó Roland 309;dosal97451@kytstore.com
Szabó Roland 310;dosal97451@kytstore.com
Szabó Roland 311;dosal97451@kytstore.com
Szabó Roland 312;dosal97451@kytstore.com
Szabó Roland 313;dosal97451@kytstore.com
Szabó Roland 314;dosal97451@kytstore.com
Szabó Roland 315;dosal97451@kytstore.com
Szabó Roland 316;dosal97451@kytstore.com
Szabó Roland 317;dosal97451@kytstore.com
Szabó Roland 318;dosal97451@kytstore.com
Szabó Roland 319;dosal97451@kytstore.com
Szabó Roland 320;dosal97451@kytstore.com
Szabó Roland 321;dosal97451@kytstore.com
Szabó Roland 322;dosal97451@kytstore.com
Szabó Roland 323;dosal97451@kytstore.com
Szabó Roland 324;dosal97451@kytstore.com
Szabó Roland 325;dosal97451@kytstore.com
Szabó Roland 326;dosal97451@kytstore.com
Szabó Roland 327;dosal97451@kytstore.com
Szabó Roland 328;dosal97451@kytstore.com
Szabó Roland 329;dosal97451@kytstore.com
Szabó Roland 330;dosal97451@kytstore.com
Szabó Roland 331;dosal97451@kytstore.com
Szabó Roland 332;dosal97451@kytstore.com
Szabó Roland 333;dosal97451@kytstore.com
Szabó Roland 334;dosal97451@kytstore.com
Szabó Roland 335;dosal97451@kytstore.com
Szabó Roland 336;dosal97451@kytstore.com
Szabó Roland 337;dosal97451@kytstore.com
Szabó Roland 338;dosal97451@kytstore.com
Szabó Roland 339;dosal97451@kytstore.com
Szabó Roland 340;dosal97451@kytstore.com
Szabó Roland 341;dosal97451@kytstore.com
Szabó Roland 342;dosal97451@kytstore.com
Szabó Roland 343;dosal97451@kytstore.com
Szabó Roland 344;dosal97451@kytstore.com
Szabó Roland 345;dosal97451@kytstore.com
Szabó Roland 346;dosal97451@kytstore.com
Szabó Roland 347;dosal97451@kytstore.com
Szabó Roland 348;dosal97451@kytstore.com
Szabó Roland 349;dosal97451@kytstore.com
Szabó Roland 350;dosal97451@kytstore.com
Szabó Roland 351;dosal97451@kytstore.com
Szabó Roland 352;dosal97451@kytstore.com
Szabó Roland 353;dosal97451@kytstore.com
Szabó Roland 354;dosal97451@kytstore.com
Szabó Roland 355;dosal97451@kytstore.com
Szabó Roland 356;dosal97451@kytstore.com
Szabó Roland 357;dosal97451@kytstore.com
Szabó Roland 358;dosal97451@kytstore.com
Szabó Roland 359;dosal97451@kytstore.com
Szabó Roland 360;dosal97451@kytstore.com
Szabó Roland 361;dosal97451@kytstore.com
Szabó Roland 362;dosal97451@kytstore.com
Szabó Roland 363;dosal97451@kytstore.com
Szabó Roland 364;dosal97451@kytstore.com
Szabó Roland 365;dosal97451@kytstore.com
Szabó Roland 366;dosal97451@kytstore.com
Szabó Roland 367;dosal97451@kytstore.com
Szabó Roland 368;dosal97451@kytstore.com
Szabó Roland 369;dosal97451@kytstore.com
Szabó Roland 370;dosal97451@kytstore.com
Szabó Roland 371;dosal97451@kytstore.com
Szabó Roland 372;dosal97451@kytstore.com
Szabó Roland 373;dosal97451@kytstore.com
Szabó Roland 374;dosal97451@kytstore.com
Szabó Roland 375;dosal97451@kytstore.com
Szabó Roland 376;dosal97451@kytstore.com
Szabó Roland 377;dosal97451@kytstore.com
Szabó Roland 378;dosal97451@kytstore.com
Szabó Roland 379;dosal97451@kytstore.com
Szabó Roland 380;dosal97451@kytstore.com
Szabó Roland 381;dosal97451@kytstore.com
Szabó Roland 382;dosal97451@kytstore.com
Szabó Roland 383;dosal97451@kytstore.com
Szabó Roland 384;dosal97451@kytstore.com
Szabó Roland 385;dosal97451@kytstore.com
Szabó Roland 386;dosal97451@kytstore.com
Szabó Roland 387;dosal97451@kytstore.com
Szabó Roland 388;dosal97451@kytstore.com
Szabó Roland 389;dosal97451@kytstore.com
Szabó Roland 390;dosal97451@kytstore.com
Szabó Roland 391;dosal97451@kytstore.com
Szabó Roland 392;dosal97451@kytstore.com
Szabó Roland 393;dosal97451@kytstore.com
Szabó Roland 394;dosal97451@kytstore.com
Szabó Roland 395;dosal97451@kytstore.com
Szabó Roland 396;dosal97451@kytstore.com
Szabó Roland 397;dosal97451@kytstore.com
Szabó Roland 398;dosal97451@kytstore.com
Szabó Roland 399;dosal97451@kytstore.com
Szabó Roland 400;dosal97451@kytstore.com
Szabó Roland 401;dosal97451@kytstore.com
Szabó Roland 402;dosal97451@kytstore.com
Szabó Roland 403;dosal97451@kytstore.com
Szabó Roland 404;dosal97451@kytstore.com
Szabó Roland 405;dosal97451@kytstore.com
Szabó Roland 406;dosal97451@kytstore.com
Szabó Roland 407;dosal97451@kytstore.com
Szabó Roland 408;dosal97451@kytstore.com
Szabó Roland 409;dosal97451@kytstore.com
Szabó Roland 410;dosal97451@kytstore.com
Szabó Roland 411;dosal97451@kytstore.com
Szabó Roland 412;dosal97451@kytstore.com
Szabó Roland 413;dosal97451@kytstore.com
Szabó Roland 414;dosal97451@kytstore.com
Szabó Roland 415;dosal97451@kytstore.com
Szabó Roland 416;dosal97451@kytstore.com
Szabó Roland 417;dosal97451@kytstore.com
Szabó Roland 418;dosal97451@kytstore.com
Szabó Roland 419;dosal97451@kytstore.com
Szabó Roland 420;dosal97451@kytstore.com
Szabó Roland 421;dosal97451@kytstore.com
Szabó Roland 422;dosal97451@kytstore.com
Szabó Roland 423;dosal97451@kytstore.com
Szabó Roland 424;dosal97451@kytstore.com
Szabó Roland 425;dosal97451@kytstore.com
Szabó Roland 426;dosal97451@kytstore.com
Szabó Roland 427;dosal97451@kytstore.com
Szabó Roland 428;dosal97451@kytstore.com
Szabó Roland 429;dosal97451@kytstore.com
Szabó Roland 430;dosal97451@kytstore.com
Szabó Roland 431;dosal97451@kytstore.com
Szabó Roland 432;dosal97451@kytstore.com
Szabó Roland 433;dosal97451@kytstore.com
Szabó Roland 434;dosal97451@kytstore.com
Szabó Roland 435;dosal97451@kytstore.com
Szabó Roland 436;dosal97451@kytstore.com
Szabó Roland 437;dosal97451@kytstore.com
Szabó Roland 438;dosal97451@kytstore.com
Szabó Roland 439;dosal97451@kytstore.com
Szabó Roland 440;dosal97451@kytstore.com
Szabó Roland 441;dosal97451@kytstore.com
Szabó Roland 442;dosal97451@kytstore.com
Szabó Roland 443;dosal97451@kytstore.com
Szabó Roland 444;dosal97451@kytstore.com
Szabó Roland 445;dosal97451@kytstore.com
Szabó Roland 446;dosal97451@kytstore.com
Szabó Roland 447;dosal97451@kytstore.com
Szabó Roland 448;dosal97451@kytstore.com
Szabó Roland 449;dosal97451@kytstore.com
Szabó Roland 450;dosal97451@kytstore.com
Szabó Roland 451;dosal97451@kytstore.com
Szabó Roland 452;dosal97451@kytstore.com
Szabó Roland 453;dosal97451@kytstore.com
Szabó Roland 454;dosal97451@kytstore.com
Szabó Roland 455;dosal97451@kytstore.com
Szabó Roland 456;dosal97451@kytstore.com
Szabó Roland 457;dosal97451@kytstore.com
Szabó Roland 458;dosal97451@kytstore.com
Szabó Roland 459;dosal97451@kytstore.com
Szabó Roland 460;dosal97451@kytstore.com
Szabó Roland 461;dosal97451@kytstore.com
Szabó Roland 462;dosal97451@kytstore.com
Szabó Roland 463;dosal97451@kytstore.com
Szabó Roland 464;dosal97451@kytstore.com
Szabó Roland 465;dosal97451@kytstore.com
Szabó Roland 466;dosal97451@kytstore.com
Szabó Roland 467;dosal97451@kytstore.com
Szabó Roland 468;dosal97451@kytstore.com
Szabó Roland 469;dosal97451@kytstore.com
Szabó Roland 470;dosal97451@kytstore.com
Szabó Roland 471;dosal97451@kytstore.com
Szabó Roland 472;dosal97451@kytstore.com
Szabó Roland 473;dosal97451@kytstore.com
Szabó Roland 474;dosal97451@kytstore.com
Szabó Roland 475;dosal97451@kytstore.com
Szabó Roland 476;dosal97451@kytstore.com
Szabó Roland 477;dosal97451@kytstore.com
Szabó Roland 478;dosal97451@kytstore.com
Szabó Roland 479;dosal97451@kytstore.com
Szabó Roland 480;dosal97451@kytstore.com
Szabó Roland 481;dosal97451@kytstore.com
Szabó Roland 482;dosal97451@kytstore.com
Szabó Roland 483;dosal97451@kytstore.com
Szabó Roland 484;dosal97451@kytstore.com
Szabó Roland 485;dosal97451@kytstore.com
Szabó Roland 486;dosal97451@kytstore.com
Szabó Roland 487;dosal97451@kytstore.com
Szabó Roland 488;dosal97451@kytstore.com
Szabó Roland 489;dosal97451@kytstore.com
Szabó Roland 490;dosal97451@kytstore.com
Szabó Roland 491;dosal97451@kytstore.com
Szabó Roland 492;dosal97451@kytstore.com
Szabó Roland 493;dosal97451@kytstore.com
Szabó Roland 494;dosal97451@kytstore.com
Szabó Roland 495;dosal97451@kytstore.com
Szabó Roland 496;dosal97451@kytstore.com
Szabó Roland 497;dosal97451@kytstore.com
Szabó Roland 498;dosal97451@kytstore.com
Szabó Roland 499;dosal97451@kytstore.com
